ID,Name,Email,CreditCard,CreditCardType
2,Clint Thorpe,Clint_Thorpe5003@bulaffy.com,7083-8766-0251-2345,American Express
12,Phillip Carpenter,Phillip_Carpenter9505@famism.biz,3657-0088-0820-5247,American Express
28,Russel Graves,Russel_Graves1378@extex.org,6718-4818-8011-6024,American Express
39,Leanne Newton,Leanne_Newton1268@typill.biz,5438-0816-4166-4847,American Express
57,Tony Giles,Tony_Giles1960@iatim.tech,8130-3425-7573-7745,American Express
62,Owen Allcott,Owen_Allcott5125@bauros.biz,4156-0107-7210-2630,American Express
68,Liam Lynn,Liam_Lynn3280@kideod.biz,7152-3247-6053-2233,American Express
74,Regina Woodcock,Regina_Woodcock5820@yahoo.com,0208-1753-3870-8002,American Express
81,Carter Wallace,Carter_Wallace9614@atink.com,4256-7201-6717-4322,American Express
92,Maia Stark,Maia_Stark2797@jiman.org,3851-1403-1734-6321,American Express
97,Ciara Lomax,Ciara_Lomax982@bauros.biz,3702-3440-2472-5424,American Express
116,Isabel Ellwood,Isabel_Ellwood1475@fuliss.net,3738-0882-0066-6683,American Express
148,Abdul Townend,Abdul_Townend2202@infotech44.tech,4224-1226-3557-3448,American Express
150,Caleb Poulton,Caleb_Poulton1735@atink.com,8203-6875-5225-0341,American Express
151,Ronald Lewis,Ronald_Lewis6777@deavo.com,7212-0155-5014-8471,American Express
154,Faith Seymour,Faith_Seymour3829@twace.org,4170-5186-6887-6558,American Express
169,Anthony Hancock,Anthony_Hancock9083@qater.org,0832-3357-6010-6550,American Express
176,Isabella Willson,Isabella_Willson5478@nanoff.biz,5177-4868-4623-0384,American Express
182,Stephanie Darcy,Stephanie_Darcy3298@bauros.biz,0264-4020-5106-5576,American Express
199,Ryan Kennedy,Ryan_Kennedy5565@corti.com,3166-6287-6242-7207,American Express
